{
  "name": "3dof_textbook",
  "n_joints": 3,
  "screw_axes_body": [
    [
      -1.0,
      0.0,
      1.0,
      -0.016149999999999998,
      1.728091,
      -0.016149999999999998
    ],
    [
      0.0,
      1.0,
      0.0,
      0.81725,
      0.0,
      0.00015900000000000636
    ],
    [
      0.0,
      1.0,
      0.0,
      0.39225000000000004,
      0.0,
      0.00015900000000000636
    ]
  ],
  "joint_names": [
    "joint1",
    "joint2",
    "joint3"
  ],
  "joint_types": [
    "revolute",
    "revolute",
    "revolute"
  ],
  "link_frames": [
    [
      [
        1.0,
        0.0,
        0.0,
        0.0
      ],
      [
        0.0,
        1.0,
        0.0,
        0.0
      ],
      [
        0.0,
        0.0,
        1.0,
        0.089159
      ],
      [
        0.0,
        0.0,
        0.0,
        1.0
      ]
    ],
    [
      [
        0.0,
        0.0,
        1.0,
        0.28
      ],
      [
        0.0,
        1.0,
        0.0,
        0.13585
      ],
      [
        -1.0,
        0.0,
        0.0,
        0.0
      ],
      [
        0.0,
        0.0,
        0.0,
        1.0
      ]
    ],
    [
      [
        1.0,
        0.0,
        0.0,
        0.0
      ],
      [
        0.0,
        1.0,
        0.0,
        -0.1197
      ],
      [
        0.0,
        0.0,
        1.0,
        0.395
      ],
      [
        0.0,
        0.0,
        0.0,
        1.0
      ]
    ],
    [
      [
        1.0,
        0.0,
        0.0,
        0.0
      ],
      [
        0.0,
        1.0,
        0.0,
        0.0
      ],
      [
        0.0,
        0.0,
        1.0,
        0.14225
      ],
      [
        0.0,
        0.0,
        0.0,
        1.0
      ]
    ]
  ],
  "spatial_inertias": [
    [
      [
        0.010267,
        0.0,
        0.0,
        0.0,
        0.0,
        0.0
      ],
      [
        0.0,
        0.010267,
        0.0,
        0.0,
        0.0,
        0.0
      ],
      [
        0.0,
        0.0,
        0.00666,
        0.0,
        0.0,
        0.0
      ],
      [
        0.0,
        0.0,
        0.0,
        3.7,
        0.0,
        0.0
      ],
      [
        0.0,
        0.0,
        0.0,
        0.0,
        3.7,
        0.0
      ],
      [
        0.0,
        0.0,
        0.0,
        0.0,
        0.0,
        3.7
      ]
    ],
    [
      [
        0.22689,
        0.0,
        0.0,
        0.0,
        0.0,
        0.0
      ],
      [
        0.0,
        0.22689,
        0.0,
        0.0,
        0.0,
        0.0
      ],
      [
        0.0,
        0.0,
        0.0151074,
        0.0,
        0.0,
        0.0
      ],
      [
        0.0,
        0.0,
        0.0,
        8.393,
        0.0,
        0.0
      ],
      [
        0.0,
        0.0,
        0.0,
        0.0,
        8.393,
        0.0
      ],
      [
        0.0,
        0.0,
        0.0,
        0.0,
        0.0,
        8.393
      ]
    ],
    [
      [
        0.0494433,
        0.0,
        0.0,
        0.0,
        0.0,
        0.0
      ],
      [
        0.0,
        0.0494433,
        0.0,
        0.0,
        0.0,
        0.0
      ],
      [
        0.0,
        0.0,
        0.004095,
        0.0,
        0.0,
        0.0
      ],
      [
        0.0,
        0.0,
        0.0,
        2.275,
        0.0,
        0.0
      ],
      [
        0.0,
        0.0,
        0.0,
        0.0,
        2.275,
        0.0
      ],
      [
        0.0,
        0.0,
        0.0,
        0.0,
        0.0,
        2.275
      ]
    ]
  ],
  "home_ee_pose": [
    [
      0.0,
      0.0,
      1.0,
      0.81725
    ],
    [
      0.0,
      1.0,
      0.0,
      0.016149999999999998
    ],
    [
      -1.0,
      0.0,
      0.0,
      0.089159
    ],
    [
      0.0,
      0.0,
      0.0,
      1.0
    ]
  ],
  "screw_axes_space": [
    [
      1.0,
      0.0,
      1.0,
      0.0,
      1.0,
      0.0
    ],
    [
      0.0,
      1.0,
      0.0,
      -0.089,
      0.0,
      0.0
    ],
    [
      0.0,
      1.0,
      0.0,
      -0.089,
      0.0,
      0.425
    ]
  ],
  "joint_limits": [
    [
      -6.283185307,
      6.283185307
    ],
    [
      -6.283185307,
      6.283185307
    ],
    [
      -6.283185307,
      6.283185307
    ]
  ]
}