{
  "name": "panda",
  "n_joints": 9,
  "home_ee_pose": [
    [
      0.7071067811865476,
      0.7071067811865475,
      0.0,
      0.088
    ],
    [
      0.7071067811865475,
      -0.7071067811865476,
      -1.2246467991473532e-16,
      -1.609185894079622e-17
    ],
    [
      -8.659560562354932e-17,
      8.659560562354934e-17,
      -1.0,
      0.8675999999999999
    ],
    [
      0.0,
      0.0,
      0.0,
      1.0
    ]
  ],
  "screw_axes_space": [
    [
      0.0,
      0.0,
      1.0,
      -0.0,
      -0.0,
      -0.0
    ],
    [
      0.0,
      1.0,
      6.123233995736766e-17,
      -0.333,
      -0.0,
      -0.0
    ],
    [
      0.0,
      0.0,
      1.0,
      -1.934941942652818e-17,
      -0.0,
      0.0
    ],
    [
      0.0,
      -1.0,
      6.123233995736766e-17,
      0.649,
      -5.051668046482832e-18,
      -0.0825
    ],
    [
      0.0,
      0.0,
      1.0,
      4.163799117101001e-18,
      -0.0,
      -0.0
    ],
    [
      0.0,
      -1.0,
      6.123233995736766e-17,
      1.033,
      -0.0,
      -0.0
    ],
    [
      0.0,
      -1.2246467991473532e-16,
      -1.0,
      1.2234221523482057e-16,
      0.088,
      -1.0776891832496707e-17
    ],
    [
      0.0,
      0.0,
      0.0,
      0.7071067811865475,
      -0.7071067811865476,
      8.659560562354934e-17
    ],
    [
      0.0,
      0.0,
      0.0,
      -0.7071067811865475,
      0.7071067811865476,
      -8.659560562354934e-17
    ]
  ],
  "screw_axes_body": [
    [
      -8.659560562354932e-17,
      8.659560562354934e-17,
      -1.0,
      0.062225396744416184,
      -0.06222539674441617,
      -1.0776891832496706e-17
    ],
    [
      0.7071067811865475,
      -0.7071067811865476,
      -1.8369701987210297e-16,
      0.37801928522232825,
      0.3780192852223282,
      0.088
    ],
    [
      -8.659560562354932e-17,
      8.659560562354934e-17,
      -1.0,
      0.06222539674441617,
      -0.062225396744416184,
      -1.0776891832496706e-17
    ],
    [
      -0.7071067811865475,
      0.7071067811865476,
      6.123233995736766e-17,
      -0.15457354236737922,
      -0.15457354236737916,
      -0.005499999999999991
    ],
    [
      -8.659560562354932e-17,
      8.659560562354934e-17,
      -1.0,
      0.062225396744416184,
      -0.06222539674441617,
      -1.0776891832496706e-17
    ],
    [
      -0.7071067811865475,
      0.7071067811865476,
      6.123233995736766e-17,
      0.11695546160825498,
      0.11695546160825498,
      -0.088
    ],
    [
      0.0,
      0.0,
      1.0,
      6.6202256636070095e-19,
      -1.552447833007769e-18,
      -1.6671967120129957e-33
    ],
    [
      0.0,
      0.0,
      0.0,
      0.0,
      1.0,
      0.0
    ],
    [
      0.0,
      0.0,
      0.0,
      -1.0146536357569519e-17,
      -1.0,
      0.0
    ]
  ],
  "link_frames": [
    [
      [
        1.0,
        0.0,
        0.0,
        0.003875
      ],
      [
        0.0,
        1.0,
        0.0,
        0.002081
      ],
      [
        0.0,
        0.0,
        1.0,
        0.28538
      ],
      [
        0.0,
        0.0,
        0.0,
        1.0
      ]
    ],
    [
      [
        1.0,
        0.0,
        0.0,
        -0.007016
      ],
      [
        0.0,
        6.123233995736766e-17,
        1.0,
        0.0014139999999999982
      ],
      [
        0.0,
        -1.0,
        6.123233995736766e-17,
        0.07634000000000002
      ],
      [
        0.0,
        0.0,
        0.0,
        1.0
      ]
    ],
    [
      [
        1.0,
        0.0,
        0.0,
        0.030659000000000002
      ],
      [
        0.0,
        6.123233995736766e-17,
        -1.0,
        -0.22077799999999992
      ],
      [
        0.0,
        1.0,
        6.123233995736766e-17,
        0.035757
      ],
      [
        0.0,
        0.0,
        0.0,
        1.0
      ]
    ],
    [
      [
        1.0,
        0.0,
        0.0,
        0.0018120000000000011
      ],
      [
        0.0,
        6.123233995736766e-17,
        -1.0,
        -0.06670599999999999
      ],
      [
        0.0,
        1.0,
        6.123233995736766e-17,
        0.1709210000000001
      ],
      [
        0.0,
        0.0,
        0.0,
        1.0
      ]
    ],
    [
      [
        1.0,
        0.0,
        0.0,
        -0.041283
      ],
      [
        0.0,
        6.123233995736766e-17,
        1.0,
        0.2411439999999998
      ],
      [
        0.0,
        -1.0,
        6.123233995736766e-17,
        -0.06851900000000001
      ],
      [
        0.0,
        0.0,
        0.0,
        1.0
      ]
    ],
    [
      [
        1.0,
        0.0,
        0.0,
        0.072102
      ],
      [
        0.0,
        6.123233995736766e-17,
        -1.0,
        -0.030548
      ],
      [
        0.0,
        1.0,
        6.123233995736766e-17,
        0.02432000000000012
      ],
      [
        0.0,
        0.0,
        0.0,
        1.0
      ]
    ],
    [
      [
        1.0,
        0.0,
        0.0,
        0.03836799999999999
      ],
      [
        0.0,
        6.123233995736766e-17,
        -1.0,
        -0.04748000000000008
      ],
      [
        0.0,
        1.0,
        6.123233995736766e-17,
        0.006265000000000005
      ],
      [
        0.0,
        0.0,
        0.0,
        1.0
      ]
    ],
    [
      [
        0.7071067811865476,
        0.7071067811865475,
        0.0,
        -0.010516999999999999
      ],
      [
        -0.7071067811865475,
        0.7071067811865476,
        0.0,
        0.004252
      ],
      [
        0.0,
        0.0,
        1.0,
        0.10380299999999998
      ],
      [
        0.0,
        0.0,
        0.0,
        1.0
      ]
    ],
    [
      [
        1.0,
        0.0,
        0.0,
        0.0
      ],
      [
        0.0,
        1.0,
        0.0,
        0.0
      ],
      [
        0.0,
        0.0,
        1.0,
        0.0
      ],
      [
        0.0,
        0.0,
        0.0,
        1.0
      ]
    ],
    [
      [
        1.0,
        0.0,
        0.0,
        0.0
      ],
      [
        0.0,
        1.0,
        0.0,
        0.0
      ],
      [
        0.0,
        0.0,
        1.0,
        0.0
      ],
      [
        0.0,
        0.0,
        0.0,
        1.0
      ]
    ]
  ],