{
  "name": "ur5",
  "n_joints": 6,
  "home_ee_pose": [
    [
      -1.0,
      0.0,
      9.793177720293495e-12,
      0.817250000000927
    ],
    [
      0.0,
      1.0,
      0.0,
      0.10915
    ],
    [
      -9.793177720293495e-12,
      0.0,
      -1.0,
      -0.005490999995998266
    ],
    [
      0.0,
      0.0,
      0.0,
      1.0
    ]
  ],
  "screw_axes_space": [
    [
      0.0,
      0.0,
      1.0,
      -0.0,
      -0.0,
      -0.0
    ],
    [
      0.0,
      1.0,
      0.0,
      -0.089159,
      -0.0,
      -0.0
    ],
    [
      0.0,
      1.0,
      0.0,
      -0.08915900000208105,
      -0.0,
      0.425
    ],
    [
      0.0,
      1.0,
      0.0,
      -0.08915900000400173,
      -0.0,
      0.81725
    ],
    [
      9.793177720293495e-12,
      0.0,
      -1.0,
      -0.10915,
      0.8172500000008732,
      -1.0689253481700349e-12
    ],
    [
      0.0,
      1.0,
      0.0,
      0.005490999995998266,
      -0.0,
      0.817250000000927
    ]
  ],
  "screw_axes_body": [
    [
      -9.793177720293495e-12,
      0.0,
      -1.0,
      0.10915,
      0.817250000000927,
      -1.0689253481700349e-12
    ],
    [
      0.0,
      1.0,
      0.0,
      0.09465000000400174,
      0.0,
      0.81725
    ],
    [
      0.0,
      1.0,
      0.0,
      0.09465000000192068,
      0.0,
      0.39225000000000004
    ],
    [
      0.0,
      1.0,
      0.0,
      0.09465,
      0.0,
      0.0
    ],
    [
      0.0,
      0.0,
      1.0,
      1.0468175904355753e-23,
      0.0,
      0.0
    ],
    [
      0.0,
      1.0,
      0.0,
      1.2723702252900892e-19,
      0.0,
      0.0
    ]
  ],
  "link_frames": [
    [
      [
        1.0,
        0.0,
        0.0,
        0.0
      ],
      [
        0.0,
        1.0,
        0.0,
        0.0
      ],
      [
        0.0,
        0.0,
        1.0,
        0.089159
      ],
      [
        0.0,
        0.0,
        0.0,
        1.0
      ]
    ],
    [
      [
        4.8965888601467475e-12,
        0.0,
        1.0,
        0.28
      ],
      [
        0.0,
        1.0,
        0.0,
        0.13585
      ],
      [
        -1.0,
        0.0,
        4.8965888601467475e-12,
        1.3710421686852214e-12
      ],
      [
        0.0,
        0.0,
        0.0,
        1.0
      ]
    ],
    [
      [
        1.0,
        0.0,
        0.0,
        1.3877787807814457e-17
      ],
      [
        0.0,
        1.0,
        0.0,
        -0.1197
      ],
      [
        0.0,
        0.0,
        1.0,
        0.39499999999999996
      ],
      [
        0.0,
        0.0,
        0.0,
        1.0
      ]
    ],
    [
      [
        4.8965888601467475e-12,
        0.0,
        1.0,
        0.0
      ],
      [
        0.0,
        1.0,
        0.0,
        0.0
      ],
      [
        -1.0,
        0.0,
        4.8965888601467475e-12,
        0.14225
      ],
      [
        0.0,
        0.0,
        0.0,
        1.0
      ]
    ],
    [
      [
        1.0,
        0.0,
        0.0,
        0.0
      ],
      [
        0.0,
        1.0,
        0.0,
        0.093
      ],
      [
        0.0,
        0.0,
        1.0,
        0.0
      ],
      [
        0.0,
        0.0,
        0.0,
        1.0
      ]
    ],
    [
      [
        1.0,
        0.0,
        0.0,
        0.0
      ],
      [
        0.0,
        1.0,
        0.0,
        0.0
      ],
      [
        0.0,
        0.0,
        1.0,
        0.09465
      ],
      [
        0.0,
        0.0,
        0.0,
        1.0
      ]
    ],
    [
      [
        1.0,
        0.0,
        0.0,
        0.0
      ],
      [
        0.0,
        1.0,
        0.0,
        0.0
      ],
      [
        0.0,
        0.0,
        1.0,
        0.0
      ],
      [
        0.0,
        0.0,
        0.0,
        1.0
      ]
    ]
  ],
  "spatial_inertias": [
    [
      [
        0.010267495893,
        0.0,
        0.0,
        0.0,
        0.0,
        0.0
      ],
      [
        0.0,
        0.010267495893,
        0.0,
        0.0,
        0.0,
        0.0
      ],
      [
        0.0,
        0.0,
        0.00666,
        0.0,
        0.0,
        0.0
      ],
      [
        0.0,
        0.0,
        0.0,
        3.7,
        0.0,
        0.0
      ],
      [
        0.0,
        0.0,
        0.0,
        0.0,
        3.7,
        0.0
      ],
      [
        0.0,
        0.0,
        0.0,
        0.0,
        0.0,
        3.7
      ]
    ],
    [
      [
        0.22689067591,
        0.0,
        0.0,
        0.0,
        0.0,
        0.0
      ],
      [
        0.0,
        0.22689067591,
        0.0,
        0.0,
        0.0,
        0.0
      ],
      [
        0.0,
        0.0,
        0.0151074,
        0.0,
        0.0,
        0.0
      ],
      [
        0.0,
        0.0,
        0.0,
        8.393,
        0.0,
        0.0
      ],
      [
        0.0,
        0.0,
        0.0,
        0.0,
        8.393,
        0.0
      ],
      [
        0.0,
        0.0,
        0.0,
        0.0,
        0.0,
        8.393
      ]
    ],
    [
      [
        0.049443313556,
        0.0,
        0.0,
        0.0,
        0.0,
        0.0
      ],
      [
        0.0,
        0.049443313556,
        0.0,
        0.0,
        0.0,
        0.0
      ],
      [
        0.0,
        0.0,
        0.004095,
        0.0,
        0.0,
        0.0
      ],
      [
        0.0,
        0.0,
        0.0,
        2.275,
        0.0,
        0.0
      ],
      [
        0.0,
        0.0,
        0.0,
        0.0,
        2.275,
        0.0
      ],
      [
        0.0,
        0.0,
        0.0,
        0.0,
        0.0,
        2.275
      ]
    ],
    [
      [
        0.111172755531,
        0.0,
        0.0,
        0.0,
        0.0,
        0.0
      ],
      [
        0.0,
        0.111172755531,
        0.0,
        0.0,
        0.0,
        0.0
      ],
      [
        0.0,
        0.0,
        0.21942,
        0.0,
        0.0,
        0.0
      ],
      [
        0.0,
        0.0,
        0.0,
        1.219,
        0.0,
        0.0
      ],
      [
        0.0,
        0.0,
        0.0,
        0.0,
        1.219,
        0.0
      ],
      [
        0.0,
        0.0,
        0.0,
        0.0,
        0.0,
        1.219
      ]
    ],
    [
      [
        0.111172755531,
        0.0,
        0.0,
        0.0,
        0.0,
        0.0
      ],
      [
        0.0,
        0.111172755531,
        0.0,
        0.0,
        0.0,
        0.0
      ],
      [
        0.0,
        0.0,
        0.21942,
        0.0,
        0.0,
        0.0
      ],
      [
        0.0,
        0.0,
        0.0,
        1.219,
        0.0,
        0.0
      ],
      [
        0.0,
        0.0,
        0.0,
        0.0,
        1.219,
        0.0
      ],
      [
        0.0,
        0.0,
        0.0,
        0.0,
        0.0,
        1.219
      ]
    ],
    [
      [
        0.0171364731454,
        0.0,
        0.0,
        0.0,
        0.0,
        0.0
      ],
      [
        0.0,
        0.0171364731454,
        0.0,
        0.0,
        0.0,
        0.0
      ],
      [
        0.0,
        0.0,
        0.033822,
        0.0,
        0.0,
        0.0
      ],
      [
        0.0,
        0.0,
        0.0,
        0.1879,
        0.0,
        0.0
      ],
      [
        0.0,
        0.0,
        0.0,
        0.0,
        0.1879,
        0.0
      ],
      [
        0.0,
        0.0,
        0.0,
        0.0,
        0.0,
        0.1879
      ]
    ]
  ],
  "joint_names": [
    "shoulder_pan_joint",
    "shoulder_lift_joint",
    "elbow_joint",
    "wrist_1_joint",
    "wrist_2_joint",
    "wrist_3_joint"
  ],
  "joint_types": [
    "revolute",
    "revolute",
    "revolute",
    "revolute",
    "revolute",
    "revolute"
  ],