{
  "robot": "ur5",
  "source": "pinocchio",
  "ee_frame": "ee_link",
  "gravity": [
    0.0,
    0.0,
    -9.81
  ],
  "n_joints": 6,
  "configurations": {
    "zero": {
      "q": [
        0.0,
        0.0,
        0.0,
        0.0,
        0.0,
        0.0
      ],
      "v": [
        0.0,
        0.0,
        0.0,
        0.0,
        0.0,
        0.0
      ],
      "a": [
        0.0,
        0.0,
        0.0,
        0.0,
        0.0,
        0.0
      ],
      "ee_pose": [
        [
          -4.896638650109253e-12,
          1.0,
          9.793277300218506e-12,
          0.817250000000927
        ],
        [
          1.0,
          4.896638650109253e-12,
          0.0,
          0.19145
        ],
        [
          -4.7954140139487533e-23,
          9.793277300218506e-12,
          -1.0,
          -0.005490999995998225
        ],
        [
          0.0,
          0.0,
          0.0,
          1.0
        ]
      ],
      "jacobian_body": [
        [
          0.8172500000018644,
          4.634668482524361e-13,
          4.634668482422458e-13,
          4.634668482328407e-13,
          -4.0299336090399157e-13,
          0.0
        ],
        [
          -0.19144999999599824,
          -0.09465000000400178,
          -0.09465000000192071,
          -0.09465,
          0.08230000000000001,
          0.0
        ],
        [
          -1.874922939126833e-12,
          0.81725,
          0.39225000000000004,
          -8.493206138295206e-18,
          -2.0194839173657902e-28,
          0.0
        ],
        [
          -4.7954140139487533e-23,
          1.0,
          1.0,
          1.0,
          0.0,
          1.0
        ],
        [
          9.793277300218506e-12,
          4.896638650109253e-12,
          4.896638650109253e-12,
          4.896638650109253e-12,
          0.0,
          4.896638650109253e-12
        ],
        [
          -1.0,
          0.0,
          0.0,
          0.0,
          1.0,
          0.0
        ]
      ],
      "jacobian_space": [
        [
          0.0,
          -0.089159,
          -0.08915900000208107,
          -0.08915900000400177,
          -0.10915,
          0.005490999995998225
        ],
        [
          0.0,
          0.0,
          0.0,
          0.0,
          0.8172500000008732,
          -0.0
        ],
        [
          0.0,
          0.0,
          0.425,
          0.81725,
          -1.0689362173188498e-12,
          0.817250000000927
        ],
        [
          0.0,
          0.0,
          0.0,
          0.0,
          9.793277300218506e-12,
          0.0
        ],
        [
          0.0,
          1.0,
          1.0,
          1.0,
          0.0,
          1.0
        ],
        [
          1.0,
          0.0,
          0.0,
          0.0,
          -1.0,
          0.0
        ]
      ],
      "mass_matrix": [
        [
          4.376613686277785,
          0.0019412038228719876,
          0.0019412038248722606,
          0.0019412038252500003,
          -0.253242,
          0.0
        ],
        [
          0.0019412038228719876,
          3.965889583210043,
          1.5162899529250051,
          0.24116530937522118,
          0.0,
          0.0171364731454
        ],
        [
          0.0019412038248722606,
          1.5162899529250051,
          0.8368172610499681,
          0.24116530937518418,
          0.0,
          0.0171364731454
        ],
        [
          0.0019412038252500003,
          0.24116530937522118,
          0.24116530937518418,
          0.24116530937515002,
          0.0,
          0.0171364731454
        ],
        [
          -0.253242,
          0.0,
          0.0,
          0.0,
          0.253242,
          0.0
        ],
        [
          0.0,
          0.0171364731454,
          0.0171364731454,
          0.0171364731454,
          0.0,
          0.0171364731454
        ]
      ],
      "gravity_forces": [
        0.0,
        -59.17079821275172,
        -15.68382848775171,
        -1.7086159557614946e-12,
        0.0,
        0.0
      ],
      "inverse_dynamics": [
        0.0,
        -59.17079821275172,
        -15.68382848775171,
        -1.7086159557614946e-12,
        0.0,
        0.0
      ],
      "coriolis_forces": [
        0.0,
        0.0,
        0.0,
        0.0,
        0.0,
        0.0
      ]
    },
    "shoulder_lift": {
      "q": [
        0.0,
        -1.5707963267948966,
        0.0,
        0.0,
        0.0,
        0.0
      ],
      "v": [
        0.0,
        0.0,
        0.0,
        0.0,
        0.0,
        0.0
      ],
      "a": [
        0.0,
        0.0,
        0.0,
        0.0,
        0.0,
        0.0
      ],
      "ee_pose": [
        [
          4.795384030684506e-23,
          -9.793216067878549e-12,
          1.0,
          0.09464999999599827
        ],
        [
          1.0,
          4.896638650109253e-12,
          0.0,
          0.19145
        ],
        [
          -4.896638650109253e-12,
          1.0,
          9.793216067878549e-12,
          0.906409000000927
        ],
        [
          0.0,
          0.0,
          0.0,
          1.0
        ]
      ],
      "jacobian_body": [
        [
          0.09464999999599827,
          4.634668482524361e-13,
          4.634668482422458e-13,
          4.634668482328407e-13,
          -4.0299336090399157e-13,
          0.0
        ],
        [
          2.338378064408594e-12,
          -0.09465000000400177,
          -0.0946500000019207,
          -0.09465,
          0.08230000000000001,
          0.0
        ],
        [
          -0.19145,
          0.81725,
          0.39225,
          -2.6975651614982364e-18,
          0.0,
          0.0
        ],
        [
          -4.896638650109253e-12,
          1.0,
          1.0,
          1.0,
          0.0,
          1.0
        ],
        [
          1.0,
          4.896638650109253e-12,
          4.896638650109253e-12,
          4.896638650109253e-12,
          0.0,
          4.896638650109253e-12
        ],
        [
          9.793216067878549e-12,
          0.0,
          0.0,
          0.0,
          1.0,
          0.0
        ]
      ],
      "jacobian_space": [
        [
          0.0,
          -0.089159,
          -0.514159,
          -0.906409,
          1.0689295338089435e-12,
          -0.906409000000927
        ],
        [
          0.0,
          0.0,
          0.0,
          0.0,
          0.906409,
          0.0
        ],
        [
          0.0,
          0.0,
          -2.081045402551951e-12,
          -4.0017278946719566e-12,
          -0.10915,
          0.09464999999599827
        ],
        [
          0.0,
          0.0,
          0.0,
          0.0,
          1.0,
          0.0
        ],
        [
          0.0,
          1.0,
          1.0,
          1.0,
          0.0,
          1.0
        ],
        [
          1.0,
          0.0,
          0.0,
          0.0,
          9.793216067878549e-12,
          0.0
        ]
      ],